<?xml version="1.0" encoding="UTF-8"?><MD_Metadata xmlns:gts="http://www.isotc211.org/2005/gts" xmlns:gco="http://www.isotc211.org/2005/gco" xmlns:xalan="http://xml.apache.org/xalan" xmlns:srv="http://www.isotc211.org/2005/srv" xmlns:gmx="http://www.isotc211.org/2005/gmx" xmlns:xlink="http://www.w3.org/1999/xlink" xmlns:xsi="http://www.w3.org/2001/XMLSchema-instance" xmlns:gml="http://www.opengis.net/gml" xmlns="http://www.isotc211.org/2005/gmd">
    <fileIdentifier>
        <gco:CharacterString>ed39fb5989bc41bcb4b102f8ea899abf</gco:CharacterString>
    </fileIdentifier>
    <language gco:nilReason="missing"/>
    <characterSet>
        <MD_CharacterSetCode codeList="http://www.isotc211.org/2005/resources/Codelist/gmxCodelists.xml#MD_CharacterSetCode" codeListValue="utf8" codeSpace="ISOTC211/19115">utf8</MD_CharacterSetCode>
    </characterSet>
    <hierarchyLevel>
        <MD_ScopeCode codeList="http://www.isotc211.org/2005/resources/Codelist/gmxCodelists.xml#MD_ScopeCode" codeListValue="dataset" codeSpace="ISOTC211/19115">dataset</MD_ScopeCode>
    </hierarchyLevel>
    <contact>
        <CI_ResponsibleParty>
            <individualName>
                <gco:CharacterString>Malcolm Finnie</gco:CharacterString>
            </individualName>
            <organisationName>
                <gco:CharacterString>GeoManitoba, Manitoba Sustainable Development</gco:CharacterString>
            </organisationName>
            <positionName>
                <gco:CharacterString>Manager, Cadastral Mapping</gco:CharacterString>
            </positionName>
            <contactInfo>
                <CI_Contact>
                    <phone>
                        <CI_Telephone>
                            <voice>
                                <gco:CharacterString>204-945-6626</gco:CharacterString>
                            </voice>
                        </CI_Telephone>
                    </phone>
                    <address>
                        <CI_Address>
                            <deliveryPoint>
                                <gco:CharacterString>1007 Century Street</gco:CharacterString>
                            </deliveryPoint>
                            <city>
                                <gco:CharacterString>Winnipeg</gco:CharacterString>
                            </city>
                            <administrativeArea>
                                <gco:CharacterString>Manitoba</gco:CharacterString>
                            </administrativeArea>
                            <postalCode>
                                <gco:CharacterString>R3H 0W4</gco:CharacterString>
                            </postalCode>
                            <country>
                                <Country codeList="http://www.iso.org/iso/country_codes/iso_3166_code_lists.htm" codeListValue="CA" codeSpace="ISO3166-1">CA</Country>
                            </country>
                            <electronicMailAddress>
                                <gco:CharacterString>Malcolm.Finnie@gov.mb.ca</gco:CharacterString>
                            </electronicMailAddress>
                        </CI_Address>
                    </address>
                </CI_Contact>
            </contactInfo>
            <role>
                <CI_RoleCode codeList="http://www.isotc211.org/2005/resources/Codelist/gmxCodelists.xml#CI_RoleCode" codeListValue="originator" codeSpace="ISOTC211/19115">originator</CI_RoleCode>
            </role>
        </CI_ResponsibleParty>
    </contact>
    <dateStamp>
        <gco:Date>2016-12-15</gco:Date>
    </dateStamp>
    <metadataStandardName>
        <gco:CharacterString>NAP - Metadata</gco:CharacterString>
    </metadataStandardName>
    <metadataStandardVersion>
        <gco:CharacterString>1.2</gco:CharacterString>
    </metadataStandardVersion>
    <identificationInfo>
        <MD_DataIdentification>
            <citation>
                <CI_Citation>
                    <title>
                        <gco:CharacterString>Manitoba Provincial Boundary</gco:CharacterString>
                    </title>
                    <date>
                        <CI_Date>
                            <date>
                                <gco:Date>2004-01-12</gco:Date>
                            </date>
                            <dateType>
                                <CI_DateTypeCode codeList="http://www.isotc211.org/2005/resources/Codelist/gmxCodelists.xml#CI_DateTypeCode" codeListValue="creation" codeSpace="ISOTC211/19115">creation</CI_DateTypeCode>
                            </dateType>
                        </CI_Date>
                    </date>
                    <date>
                        <CI_Date>
                            <date>
                                <gco:Date>2016-12-15</gco:Date>
                            </date>
                            <dateType>
                                <CI_DateTypeCode codeList="http://www.isotc211.org/2005/resources/Codelist/gmxCodelists.xml#CI_DateTypeCode" codeListValue="publication" codeSpace="ISOTC211/19115">publication</CI_DateTypeCode>
                            </dateType>
                        </CI_Date>
                    </date>
                    <citedResponsibleParty gco:nilReason="missing"/>
                </CI_Citation>
            </citation>
            <abstract>
                <gco:CharacterString>A feature layer of Manitoba's provincial boundaries:Manitoba/Ontario boundary,Manitoba/Saskatchewan boundary,Manitoba/Nunavut boundary,International boundary.Excluding the International Boundary, the graphical data was computed from original boundary survey measurements published in respective official boundary commission reports using least squares adjustment software &amp;quot;Manor&amp;quot;. The adjustments were constrained to known NAD83 [nmip94 adj.] federal/provincial boundary marker positions. For the International Boundary, the graphics were created by converting the official published NAD27 marker positions for the boundary into NAD83 using datum conversion software NTv2 and interconnecting the plotted marker positions with straight lines using CARIS map software.The purpose is to provide end users with a digital map of Manitoba's boundaries.  This data layer is suitable for most medium and small scale digital map applications as well as GIS georeferencing in general.This Manitoba provincial boundary was originally published on January 12, 2004.  It was uploaded to Manitoba Maps as a feature layer on December 15, 2016.Use Constraints:The Hudson Bay shoreline for this product was taken from 1:500,000 scale digital mapping and is intended for generalized small scale mapping of this portion of the provincial boundary. Estimated accuracy if plus or minus 125m.Fields Included:FID: Sequential unique whole numbers that are automatically generated,AREA: GIS area in square-metres calculated in the NAD83 Universal Transverse Mercator Zone 14 coordinate system,PERIMETER: GIS perimeter in metres calculated in the NAD83 Universal Transverse Mercator Zone 14 coordinate system,NAME: province name</gco:CharacterString>
            </abstract>
            <purpose>
                <gco:CharacterString>Feature layer of the Manitoba provincial boundary.</gco:CharacterString>
            </purpose>
            <credit>
                <gco:CharacterString>Manitoba Government</gco:CharacterString>
            </credit>
            <status gco:nilReason="missing"/>
            <pointOfContact>
                <CI_ResponsibleParty>
                    <individualName>
                        <gco:CharacterString>Malcolm Finnie</gco:CharacterString>
                    </individualName>
                    <organisationName>
                        <gco:CharacterString>GeoManitoba, Manitoba Sustainable Development</gco:CharacterString>
                    </organisationName>
                    <positionName>
                        <gco:CharacterString>Manager, Cadastral Mapping</gco:CharacterString>
                    </positionName>
                    <contactInfo>
                        <CI_Contact>
                            <phone>
                                <CI_Telephone>
                                    <voice>
                                        <gco:CharacterString>204-945-6626</gco:CharacterString>
                                    </voice>
                                </CI_Telephone>
                            </phone>
                            <address>
                                <CI_Address>
                                    <deliveryPoint>
                                        <gco:CharacterString>1007 Century Street</gco:CharacterString>
                                    </deliveryPoint>
                                    <city>
                                        <gco:CharacterString>Winnipeg</gco:CharacterString>
                                    </city>
                                    <administrativeArea>
                                        <gco:CharacterString>Manitoba</gco:CharacterString>
                                    </administrativeArea>
                                    <postalCode>
                                        <gco:CharacterString>R3H 0W4</gco:CharacterString>
                                    </postalCode>
                                    <country>
                                        <Country codeList="http://www.iso.org/iso/country_codes/iso_3166_code_lists.htm" codeListValue="CA" codeSpace="ISO3166-1">CA</Country>
                                    </country>
                                    <electronicMailAddress>
                                        <gco:CharacterString>Malcolm.Finnie@gov.mb.ca</gco:CharacterString>
                                    </electronicMailAddress>
                                </CI_Address>
                            </address>
                        </CI_Contact>
                    </contactInfo>
                    <role>
                        <CI_RoleCode codeList="http://www.isotc211.org/2005/resources/Codelist/gmxCodelists.xml#CI_RoleCode" codeListValue="originator" codeSpace="ISOTC211/19115">originator</CI_RoleCode>
                    </role>
                </CI_ResponsibleParty>
            </pointOfContact>
            <descriptiveKeywords>
                <MD_Keywords>
                    <keyword>
                        <gco:CharacterString>Manitoba</gco:CharacterString>
                    </keyword>
                    <type>
                        <MD_KeywordTypeCode codeList="http://www.isotc211.org/2005/resources/Codelist/gmxCodelists.xml#MD_KeywordTypeCode" codeListValue="place" codeSpace="ISOTC211/19115">place</MD_KeywordTypeCode>
                    </type>
                </MD_Keywords>
            </descriptiveKeywords>
            <resourceConstraints>
                <MD_Constraints>
                    <useLimitation>
                        <gco:CharacterString>Manitoba Open Data Licence</gco:CharacterString>
                    </useLimitation>
                </MD_Constraints>
            </resourceConstraints>
            <language>
                <LanguageCode codeList="http://www.loc.gov/standards/iso639-2/php/code_list.php" codeListValue="eng" codeSpace="ISO639-2">eng</LanguageCode>
            </language>
            <characterSet>
                <MD_CharacterSetCode codeList="http://www.isotc211.org/2005/resources/Codelist/gmxCodelists.xml#MD_CharacterSetCode" codeListValue="utf8" codeSpace="ISOTC211/19115">utf8</MD_CharacterSetCode>
            </characterSet>
            <topicCategory>
                <MD_TopicCategoryCode>boundaries</MD_TopicCategoryCode>
            </topicCategory>
        </MD_DataIdentification>
    </identificationInfo>
    <distributionInfo>
        <MD_Distribution>
            <distributionFormat gco:nilReason="missing"/>
            <transferOptions>
                <MD_DigitalTransferOptions>
                    <onLine>
                        <CI_OnlineResource>
                            <linkage>
                                <URL>http://services.arcgis.com/mMUesHYPkXjaFGfS/arcgis/rest/services/Manitoba_Provincial_Boundary/FeatureServer</URL>
                            </linkage>
                            <protocol gco:nilReason="missing"/>
                        </CI_OnlineResource>
                    </onLine>
                </MD_DigitalTransferOptions>
            </transferOptions>
        </MD_Distribution>
    </distributionInfo>
    <dataQualityInfo>
        <DQ_DataQuality>
            <scope>
                <DQ_Scope>
                    <level>
                        <MD_ScopeCode codeList="http://www.isotc211.org/2005/resources/Codelist/gmxCodelists.xml#MD_ScopeCode" codeListValue="dataset" codeSpace="ISOTC211/19115">dataset</MD_ScopeCode>
                    </level>
                </DQ_Scope>
            </scope>
            <report>
                <DQ_AbsoluteExternalPositionalAccuracy>
                    <measureDescription>
                        <gco:CharacterString>From least squares adjustments, all provincial boundary data was determined to be at least 3rd order as that order was defined under 1978  federal geodetic survey control specifications. A 3rd order station is one in which the semi-major axis of the 95% confidence level of that station relative to the others in the network is less than or equal to 12 (d+0.2) where d is the distance in kilometres to any other station. The accuracy of the International boundary data is unknown as no official adjustment of that boundary data has been undertaken. Most public source documents classify the positional data as either unknown or 4th order with respect to the  said 1978 specifications. In general Boundary Commission standards required that interstation distances be double chained to a precision of 13,000 and astronomic azimuths observed to at least 20 "  standard deviation.</gco:CharacterString>
                    </measureDescription>
                    <result>
                        <DQ_QuantitativeResult>
                            <valueUnit>
                                <gml:UnitDefinition gml:id="N65807">
                                    <gml:identifier codeSpace="GML_UomSymbol">Unified Code of Units of Measure</gml:identifier>
                                    <gml:catalogSymbol codeSpace="http://aurora.regenstrief.org/UCUM">cm</gml:catalogSymbol>
                                </gml:UnitDefinition>
                            </valueUnit>
                            <value>
                                <gco:Record>+/- 25</gco:Record>
                            </value>
                        </DQ_QuantitativeResult>
                    </result>
                </DQ_AbsoluteExternalPositionalAccuracy>
            </report>
            <lineage>
                <LI_Lineage>
                    <processStep>
                        <LI_ProcessStep>
                            <description>
                                <gco:CharacterString>August 8, 2001: 

"MANOR" least squares adjustments of each boundary survey were undertaken using measurements published in official  Boundary Commission reports or on Director of Surveys plans.These adjustments were constrained to known NAD83 [Nmip94 adj.] positions for existing boundary markers. Interstation connections were drawn graphically using mapping program "CARIS". Shoreline data source is 500,000 digital provincial base mapping. No adjustment to date has been done  for the International Boundary. The graphics data was established by converting published NAD27 positions for International Boundary markers to NAD83 using software NTV2  and creating the interstation line  connections using CARIS.

Data Source: Horizontal network adjustments of boundary marker surveys. Coordinate data converted to digital line map of boundaries.</gco:CharacterString>
                            </description>
                            <dateTime>
                                <gco:DateTime>2001-08-08T00:00:00</gco:DateTime>
                            </dateTime>
                            <processor>
                                <CI_ResponsibleParty>
                                    <individualName>
                                        <gco:CharacterString>Malcolm Finnie</gco:CharacterString>
                                    </individualName>
                                    <organisationName>
                                        <gco:CharacterString>GeoManitoba, Manitoba Sustainable Development</gco:CharacterString>
                                    </organisationName>
                                    <positionName>
                                        <gco:CharacterString>Manager, Cadastral Mapping</gco:CharacterString>
                                    </positionName>
                                    <contactInfo gco:nilReason="missing"/>
                                    <role>
                                        <CI_RoleCode codeList="http://www.isotc211.org/2005/resources/Codelist/gmxCodelists.xml#CI_RoleCode" codeListValue="originator" codeSpace="ISOTC211/19115">originator</CI_RoleCode>
                                    </role>
                                </CI_ResponsibleParty>
                            </processor>
                        </LI_ProcessStep>
                    </processStep>
                    <processStep>
                        <LI_ProcessStep>
                            <description>
                                <gco:CharacterString>January 3, 2003: 

The International boundary was re-plotted by graphically interconnecting all known boundary marker stations.  In the previous version only every 5th marker had been connected as the intended use of the boundary 500,000 scale mapping. As the markers are on a parallel of latitude this new version yields a more accurate definition of the boundary for larger scale map use.

Data Source: UTM coordinates - additional International boundary marker data incorporated.</gco:CharacterString>
                            </description>
                            <dateTime>
                                <gco:DateTime>2003-01-03T00:00:00</gco:DateTime>
                            </dateTime>
                            <processor>
                                <CI_ResponsibleParty>
                                    <individualName>
                                        <gco:CharacterString>Malcolm Finnie</gco:CharacterString>
                                    </individualName>
                                    <organisationName>
                                        <gco:CharacterString>GeoManitoba, Manitoba Sustainable Development</gco:CharacterString>
                                    </organisationName>
                                    <positionName>
                                        <gco:CharacterString>Manager, Cadastral Mapping</gco:CharacterString>
                                    </positionName>
                                    <contactInfo gco:nilReason="missing"/>
                                    <role>
                                        <CI_RoleCode codeList="http://www.isotc211.org/2005/resources/Codelist/gmxCodelists.xml#CI_RoleCode" codeListValue="originator" codeSpace="ISOTC211/19115">originator</CI_RoleCode>
                                    </role>
                                </CI_ResponsibleParty>
                            </processor>
                        </LI_ProcessStep>
                    </processStep>
                    <processStep>
                        <LI_ProcessStep>
                            <description>
                                <gco:CharacterString>January 12, 2004: 

The Manitoba\Saskatchewan boundary between townships 48 and 57 was moved approximately 10m easterly from its incorrect position as the rangeline for 30 Wpm to its correct position as the centerline of the government road allowance directly adjoining said rangeline. A second correction was made by re-plotting the boundary between markers 500 and 504 which had been incorrectly connected initially.</gco:CharacterString>
                            </description>
                            <dateTime>
                                <gco:DateTime>2004-01-12T00:00:00</gco:DateTime>
                            </dateTime>
                            <processor>
                                <CI_ResponsibleParty>
                                    <individualName>
                                        <gco:CharacterString>Malcolm Finnie</gco:CharacterString>
                                    </individualName>
                                    <organisationName>
                                        <gco:CharacterString>GeoManitoba, Manitoba Sustainable Development</gco:CharacterString>
                                    </organisationName>
                                    <positionName>
                                        <gco:CharacterString>Manager, Cadastral Mapping</gco:CharacterString>
                                    </positionName>
                                    <contactInfo gco:nilReason="missing"/>
                                    <role>
                                        <CI_RoleCode codeList="http://www.isotc211.org/2005/resources/Codelist/gmxCodelists.xml#CI_RoleCode" codeListValue="originator" codeSpace="ISOTC211/19115">originator</CI_RoleCode>
                                    </role>
                                </CI_ResponsibleParty>
                            </processor>
                        </LI_ProcessStep>
                    </processStep>
                </LI_Lineage>
            </lineage>
        </DQ_DataQuality>
    </dataQualityInfo>
</MD_Metadata>
